{"coef": [8429.650735713756, -2076.670420129609, -526.1679297523901], "intercept": 1128580.12575175}