{"coef": [8429.650735713765, -2076.670420129589, -526167.929752384], "intercept": 1128580.1257517356}